{
  "prompt_v1_scores": {
    "faithfulness": 0.9634199134199135,
    "answer_relevancy": 0.9139495306770761,
    "context_recall": 1.0,
    "context_precision": 0.9416666665930833
  },
  "prompt_v2_scores": {
    "faithfulness": 0.8500212345,
    "answer_relevancy": 0.8800908600788878,
    "context_recall": 1.0,
    "context_precision": 0.9449999999285833
  },
  "target_met": true
}